variant,evidence,drug,phenotype,data_source
CYP2D6*5,1A,imipramine,dosage,clinical_annotation
NUDT15*3,1A,mercaptopurine,dosage,clinical_annotation
TPMT*3B,1A,mercaptopurine,dosage,clinical_annotation
CYP3A5*6,1A,tacrolimus,dosage,clinical_annotation
TPMT*3A,1A,mercaptopurine,dosage,clinical_annotation
CYP2C9*3,1B,acenocoumarol,dosage,clinical_annotation
CYP2D6*1xN,1A,imipramine,dosage,clinical_annotation
NUDT15*1,1A,mercaptopurine,dosage,clinical_annotation
CYP2B6*1,1A,efavirenz,dosage,clinical_annotation
rs7294,1B,warfarin,dosage,clinical_annotation
TPMT*3B,1A,azathioprine,dosage,clinical_annotation
CYP2D6*1,1A,metoprolol,dosage,clinical_annotation
rs2108622,1A,warfarin,dosage,clinical_annotation
CYP2C9*1,1A,warfarin,dosage,clinical_annotation
TPMT*2,1A,azathioprine,dosage,clinical_annotation
CYP2C9*3,1A,warfarin,dosage,clinical_annotation
CYP2D6*4,1A,imipramine,dosage,clinical_annotation
CYP2C9*5,1A,warfarin,dosage,clinical_annotation
CYP2D6*2xN,1A,imipramine,dosage,clinical_annotation
CYP2D6*1,1A,imipramine,dosage,clinical_annotation
TPMT*3A,1A,azathioprine,dosage,clinical_annotation
TPMT*1,1A,azathioprine,dosage,clinical_annotation
CYP2B6*26,1A,efavirenz,dosage,clinical_annotation
rs116855232,1A,mercaptopurine,dosage,clinical_annotation
CYP2C9*1,1B,acenocoumarol,dosage,clinical_annotation
TPMT*3C,1A,mercaptopurine,dosage,clinical_annotation
CYP2C9*11,1A,warfarin,dosage,clinical_annotation
UGT1A1*28,1A,irinotecan,dosage,clinical_annotation
CYP2C9*2,1A,warfarin,dosage,clinical_annotation
CYP2C9*8,1A,warfarin,dosage,clinical_annotation
TPMT*2,1A,mercaptopurine,dosage,clinical_annotation
CYP3A5*3,1A,tacrolimus,dosage,clinical_annotation
CYP2C9*2,1B,acenocoumarol,dosage,clinical_annotation
UGT1A1*1,1A,irinotecan,dosage,clinical_annotation
TPMT*3C,1A,azathioprine,dosage,clinical_annotation
rs9923231,1A,phenprocoumon,dosage,clinical_annotation
rs9923231,1A,warfarin,dosage,clinical_annotation
CYP2C9*4,1A,warfarin,dosage,clinical_annotation
TPMT*9,1A,mercaptopurine,dosage,clinical_annotation
CYP2B6*6,1A,efavirenz,dosage,clinical_annotation
TPMT*1,1A,mercaptopurine,dosage,clinical_annotation
rs9934438,1B,warfarin,dosage,clinical_annotation
CYP3A5*7,1A,tacrolimus,dosage,clinical_annotation
rs2359612,1B,warfarin,dosage,clinical_annotation
NUDT15*2,1A,mercaptopurine,dosage,clinical_annotation
CYP3A5*1,1A,tacrolimus,dosage,clinical_annotation
CYP2C9*6,1A,warfarin,dosage,clinical_annotation
rs9923231,1A,acenocoumarol,dosage,clinical_annotation
rs12777823,1A,warfarin,dosage,clinical_annotation
CYP2D6*4,1A,metoprolol,dosage,clinical_annotation
CYP2D6*6,1A,tamoxifen,efficacy,clinical_annotation
CYP2D6*5,1A,ondansetron,efficacy,clinical_annotation
rs12979860,1A,boceprevir,efficacy,clinical_annotation
rs75527207,1A,ivacaftor,efficacy,clinical_annotation
CYP2D6*5,1A,tamoxifen,efficacy,clinical_annotation
CYP2D6*1,1A,tamoxifen,efficacy,clinical_annotation
CYP2D6*41,1A,tamoxifen,efficacy,clinical_annotation
rs78769542,1A,ivacaftor,efficacy,clinical_annotation
CYP2C19*1,1A,pantoprazole,efficacy,clinical_annotation
rs74551128,1A,ivacaftor,efficacy,clinical_annotation
CYP2C19*2,1A,clopidogrel,efficacy,clinical_annotation
rs121909041,1A,ivacaftor,efficacy,clinical_annotation
rs11322783,1B,peginterferon alfa-2a,efficacy,clinical_annotation
CYP2D6*5,1A,codeine,efficacy,clinical_annotation
rs12979860,1A,ribavirin,efficacy,clinical_annotation
rs150212784,1A,ivacaftor,efficacy,clinical_annotation
CYP2D6*2,1A,ondansetron,efficacy,clinical_annotation
rs8099917,1B,peginterferon alfa-2b,efficacy,clinical_annotation
CYP2D6*10x2,1A,tamoxifen,efficacy,clinical_annotation
rs121908753,1A,ivacaftor,efficacy,clinical_annotation
rs80282562,1A,ivacaftor,efficacy,clinical_annotation
CYP2D6*6,1A,codeine,efficacy,clinical_annotation
CYP2D6*17,1A,tramadol,efficacy,clinical_annotation
CYP2C19*1,1A,clopidogrel,efficacy,clinical_annotation
rs186045772,1A,ivacaftor,efficacy,clinical_annotation
rs11971167,1A,ivacaftor,efficacy,clinical_annotation
rs12979860,1A,telaprevir,efficacy,clinical_annotation
CYP2D6*4,1A,tramadol,efficacy,clinical_annotation
CYP2C19*3,1A,omeprazole,efficacy,clinical_annotation
rs397508759,1A,ivacaftor,efficacy,clinical_annotation
rs8099917,1B,interferons,efficacy,clinical_annotation
CYP2D6*1xN,1A,tropisetron,efficacy,clinical_annotation
CYP2D6*11,1A,tamoxifen,efficacy,clinical_annotation
rs121909020,1A,ivacaftor,efficacy,clinical_annotation
CYP2D6*2,1A,tamoxifen,efficacy,clinical_annotation
rs202179988,1A,ivacaftor,efficacy,clinical_annotation
CYP2D6*1,1A,ondansetron,efficacy,clinical_annotation
CYP2D6*2xN,1A,tropisetron,efficacy,clinical_annotation
rs74503330,1A,ivacaftor,efficacy,clinical_annotation
CYP2C19*4,1A,clopidogrel,efficacy,clinical_annotation
rs193922525,1A,ivacaftor,efficacy,clinical_annotation
CYP2D6*1,1A,codeine,efficacy,clinical_annotation
CYP2D6*2xN,1A,ondansetron,efficacy,clinical_annotation
CYP2D6*4,1A,ondansetron,efficacy,clinical_annotation
rs397508256,1A,ivacaftor,efficacy,clinical_annotation
CYP2D6*21,1A,tamoxifen,efficacy,clinical_annotation
rs11322783,1B,ribavirin,efficacy,clinical_annotation
CYP2D6*17,1A,hydrocodone,efficacy,clinical_annotation
rs121909013,1A,ivacaftor,efficacy,clinical_annotation
rs115545701,1A,ivacaftor,efficacy,clinical_annotation
CYP2C19*1,1A,lansoprazole,efficacy,clinical_annotation
CYP2D6*4,1A,tamoxifen,efficacy,clinical_annotation
CYP2D6*17,1A,tamoxifen,efficacy,clinical_annotation
CYP2D6*10,1A,tramadol,efficacy,clinical_annotation
rs397508442,1A,ivacaftor,efficacy,clinical_annotation
CYP2C19*8,1A,clopidogrel,efficacy,clinical_annotation
rs121434568,1A,gefitinib,efficacy,clinical_annotation
CYP2D6*3,1A,tamoxifen,efficacy,clinical_annotation
rs77834169,1A,ivacaftor,efficacy,clinical_annotation
CYP2D6*40,1A,codeine,efficacy,clinical_annotation
rs368505753,1A,ivacaftor,efficacy,clinical_annotation
CYP2C19*3,1A,clopidogrel,efficacy,clinical_annotation
rs12979860,1A,peginterferon alfa-2b,efficacy,clinical_annotation
rs113993960,1A,lumacaftor,efficacy,clinical_annotation
rs12979860,1A,peginterferon alfa-2a,efficacy,clinical_annotation
CYP2C19*2,1A,lansoprazole,efficacy,clinical_annotation
rs8099917,1B,ribavirin,efficacy,clinical_annotation
rs121908752,1A,ivacaftor,efficacy,clinical_annotation
CYP2C19*3,1A,lansoprazole,efficacy,clinical_annotation
CYP2D6*36,1A,tamoxifen,efficacy,clinical_annotation
rs113993958,1A,ivacaftor,efficacy,clinical_annotation
rs8099917,1B,peginterferon alfa-2a,efficacy,clinical_annotation
rs78655421,1A,ivacaftor,efficacy,clinical_annotation
rs77932196,1A,ivacaftor,efficacy,clinical_annotation
rs113993960,1A,tezacaftor,efficacy,clinical_annotation
CYP2D6*7,1A,tamoxifen,efficacy,clinical_annotation
CYP2C19*5,1A,clopidogrel,efficacy,clinical_annotation
rs121908755,1A,ivacaftor,efficacy,clinical_annotation
rs397508513,1A,ivacaftor,efficacy,clinical_annotation
rs267606723,1A,ivacaftor,efficacy,clinical_annotation
CYP2D6*9,1A,tamoxifen,efficacy,clinical_annotation
CYP2D6*1xN,1A,ondansetron,efficacy,clinical_annotation
CYP2C19*2,1A,pantoprazole,efficacy,clinical_annotation
CYP2C19*17,1A,clopidogrel,efficacy,clinical_annotation
CYP2C19*3,1A,pantoprazole,efficacy,clinical_annotation
CYP2D6*10,1A,ondansetron,efficacy,clinical_annotation
CYP2D6*4,1A,codeine,efficacy,clinical_annotation
rs121908757,1A,ivacaftor,efficacy,clinical_annotation
CYP2D6*17,1A,codeine,efficacy,clinical_annotation
rs75541969,1A,ivacaftor,efficacy,clinical_annotation
CYP2D6*6,1A,tramadol,efficacy,clinical_annotation
CYP2D6*1,1A,tramadol,efficacy,clinical_annotation
CYP2D6*10,1A,tamoxifen,efficacy,clinical_annotation
CYP2D6*3,1A,tramadol,efficacy,clinical_annotation
CYP2D6*35xN,1A,ondansetron,efficacy,clinical_annotation
rs121909005,1A,ivacaftor,efficacy,clinical_annotation
CYP2D6*5,1A,tramadol,efficacy,clinical_annotation
CYP2C19*1,1A,omeprazole,efficacy,clinical_annotation
rs397508288,1A,ivacaftor,efficacy,clinical_annotation
rs11322783,1B,peginterferon alfa-2b,efficacy,clinical_annotation
CYP2C19*6,1A,clopidogrel,efficacy,clinical_annotation
CYP2D6*1,1A,tropisetron,efficacy,clinical_annotation
rs141033578,1A,ivacaftor,efficacy,clinical_annotation
CYP2D6*5,1A,hydrocodone,efficacy,clinical_annotation
rs113993960,1A,ivacaftor,efficacy,clinical_annotation
CYP2C19*2,1A,omeprazole,efficacy,clinical_annotation
rs397508537,1A,ivacaftor,efficacy,clinical_annotation
rs118192168,1A,sevoflurane,toxicity,clinical_annotation
rs118192167,1A,halothane,toxicity,clinical_annotation
NAT2*14,1B,rifampin,toxicity,clinical_annotation
rs118192176,1A,sevoflurane,toxicity,clinical_annotation
rs118192116,1A,succinylcholine,toxicity,clinical_annotation
rs4149056,1A,simvastatin,toxicity,clinical_annotation
UGT1A1*1,1B,FOLFIRI,toxicity,clinical_annotation
rs193922762,1A,desflurane,toxicity,clinical_annotation
TPMT*1,1A,azathioprine,toxicity,clinical_annotation
CYP2D6*5,1A,nortriptyline,toxicity,clinical_annotation
NAT2*4,1B,pyrazinamide,toxicity,clinical_annotation
rs121918593,1A,isoflurane,toxicity,clinical_annotation
rs118192122,1A,halothane,toxicity,clinical_annotation
rs193922809,1A,isoflurane,toxicity,clinical_annotation
CYP2C9*2,1A,warfarin,toxicity,clinical_annotation
rs118192161,1A,sevoflurane,toxicity,clinical_annotation
CYP2C9*1,1A,phenytoin,toxicity,clinical_annotation
rs118192162,1A,halothane,toxicity,clinical_annotation
rs121918593,1A,methoxyflurane,toxicity,clinical_annotation
TPMT*9,1A,mercaptopurine,toxicity,clinical_annotation
rs111888148,1A,isoflurane,toxicity,clinical_annotation
rs118192178,1A,isoflurane,toxicity,clinical_annotation
rs17376848,1A,capecitabine,toxicity,clinical_annotation
rs193922768,1A,sevoflurane,toxicity,clinical_annotation
rs193922772,1A,sevoflurane,toxicity,clinical_annotation
rs1801086,1A,methoxyflurane,toxicity,clinical_annotation
rs193922753,1A,isoflurane,toxicity,clinical_annotation
rs193922802,1A,desflurane,toxicity,clinical_annotation
rs193922878,1A,methoxyflurane,toxicity,clinical_annotation
rs118192168,1A,halothane,toxicity,clinical_annotation
CYP2C19*2,1A,citalopram,toxicity,clinical_annotation
rs118192163,1A,succinylcholine,toxicity,clinical_annotation
rs1801160,1A,fluorouracil,toxicity,clinical_annotation
rs121918596,1A,isoflurane,toxicity,clinical_annotation
rs118192161,1A,succinylcholine,toxicity,clinical_annotation
HLA-B*58:01,1A,allopurinol,toxicity,clinical_annotation
NAT2*5B,1B,ethambutol,toxicity,clinical_annotation
NAT2*6B,1B,ethambutol,toxicity,clinical_annotation
rs193922802,1A,enflurane,toxicity,clinical_annotation
NAT2*7,1B,rifampin,toxicity,clinical_annotation
CYP2D6*4,1A,desipramine,toxicity,clinical_annotation
CYP2C9*5,1A,warfarin,toxicity,clinical_annotation
rs121918595,1A,desflurane,toxicity,clinical_annotation
rs118192124,1A,succinylcholine,toxicity,clinical_annotation
rs193922876,1A,methoxyflurane,toxicity,clinical_annotation
rs193922762,1A,enflurane,toxicity,clinical_annotation
TPMT*3C,1A,mercaptopurine,toxicity,clinical_annotation
rs193922748,1A,enflurane,toxicity,clinical_annotation
NAT2*7,1B,ethambutol,toxicity,clinical_annotation
rs193922832,1A,methoxyflurane,toxicity,clinical_annotation
NAT2*6A,1B,isoniazid,toxicity,clinical_annotation
rs1800559,1A,isoflurane,toxicity,clinical_annotation
rs118192162,1A,sevoflurane,toxicity,clinical_annotation
NAT2*5B,1B,rifampin,toxicity,clinical_annotation
NAT2*6B,1B,rifampin,toxicity,clinical_annotation
HLA-B*15:02:01,1A,carbamazepine,toxicity,clinical_annotation
rs121918595,1A,methoxyflurane,toxicity,clinical_annotation
CYP2D6*1,1A,atomoxetine,toxicity,clinical_annotation
rs193922809,1A,enflurane,toxicity,clinical_annotation
rs193922748,1A,methoxyflurane,toxicity,clinical_annotation
UGT1A1*37,1A,ritonavir,toxicity,clinical_annotation
rs193922770,1A,halothane,toxicity,clinical_annotation
rs193922843,1A,succinylcholine,toxicity,clinical_annotation
rs118192124,1A,sevoflurane,toxicity,clinical_annotation
rs118192162,1A,enflurane,toxicity,clinical_annotation
NAT2*5D,1B,isoniazid,toxicity,clinical_annotation
rs118192177,1A,isoflurane,toxicity,clinical_annotation
UGT1A1*6,1B,FOLFIRI,toxicity,clinical_annotation
rs144336148,1A,sevoflurane,toxicity,clinical_annotation
NAT2*6,1B,rifampin,toxicity,clinical_annotation
UGT1A1*1,1A,FOLFIRI,toxicity,clinical_annotation
CYP2D6*5,1A,amitriptyline,toxicity,clinical_annotation
CYP2D6*81,1A,venlafaxine,toxicity,clinical_annotation
rs193922748,1A,desflurane,toxicity,clinical_annotation
NAT2*7,1B,pyrazinamide,toxicity,clinical_annotation
UGT1A1*28,1B,FOLFIRI,toxicity,clinical_annotation
TPMT*3B,1A,azathioprine,toxicity,clinical_annotation
rs193922807,1A,sevoflurane,toxicity,clinical_annotation
rs193922878,1A,desflurane,toxicity,clinical_annotation
rs193922747,1A,isoflurane,toxicity,clinical_annotation
rs121918595,1A,enflurane,toxicity,clinical_annotation
G6PD B (wildtype),1A,rasburicase,toxicity,clinical_annotation
rs118192161,1A,desflurane,toxicity,clinical_annotation
rs193922818,1A,enflurane,toxicity,clinical_annotation
rs75017182,1A,fluorouracil,toxicity,clinical_annotation
CYP2C9*11,1A,warfarin,toxicity,clinical_annotation
rs1800559,1A,halothane,toxicity,clinical_annotation
rs1801265,1A,capecitabine,toxicity,clinical_annotation
rs118192172,1A,isoflurane,toxicity,clinical_annotation
UGT1A1*6,1A,ritonavir,toxicity,clinical_annotation
NAT2*5D,1B,pyrazinamide,toxicity,clinical_annotation
rs67376798,1A,capecitabine,toxicity,clinical_annotation
rs118192175,1A,desflurane,toxicity,clinical_annotation
rs193922832,1A,succinylcholine,toxicity,clinical_annotation
rs193922762,1A,methoxyflurane,toxicity,clinical_annotation
rs121918596,1A,succinylcholine,toxicity,clinical_annotation
CYP2D6*6,1A,desipramine,toxicity,clinical_annotation
NAT2*6,1B,pyrazinamide,toxicity,clinical_annotation
CYP2D6*4,1A,clomipramine,toxicity,clinical_annotation
CYP2D6*3,1A,imipramine,toxicity,clinical_annotation
rs193922816,1A,desflurane,toxicity,clinical_annotation
rs193922818,1A,isoflurane,toxicity,clinical_annotation
rs118192168,1A,isoflurane,toxicity,clinical_annotation
CYP2D6*5,1A,imipramine,toxicity,clinical_annotation
rs118192170,1A,sevoflurane,toxicity,clinical_annotation
rs118192122,1A,desflurane,toxicity,clinical_annotation
CYP2D6*1,1A,tramadol,toxicity,clinical_annotation
CYP2C9*3,1B,acenocoumarol,toxicity,clinical_annotation
rs121918596,1A,halothane,toxicity,clinical_annotation
rs112563513,1A,enflurane,toxicity,clinical_annotation
rs116855232,1A,azathioprine,toxicity,clinical_annotation
rs121918594,1A,isoflurane,toxicity,clinical_annotation
rs193922807,1A,halothane,toxicity,clinical_annotation
rs193922768,1A,succinylcholine,toxicity,clinical_annotation
rs193922772,1A,succinylcholine,toxicity,clinical_annotation
UGT1A1*36,1A,atazanavir,toxicity,clinical_annotation
rs3918290,1A,capecitabine,toxicity,clinical_annotation
NAT2*5,1B,rifampin,toxicity,clinical_annotation
rs193922843,1A,isoflurane,toxicity,clinical_annotation
rs118192167,1A,desflurane,toxicity,clinical_annotation
rs1800559,1A,sevoflurane,toxicity,clinical_annotation
NAT2*5,1B,pyrazinamide,toxicity,clinical_annotation
rs118192175,1A,enflurane,toxicity,clinical_annotation
rs193922764,1A,enflurane,toxicity,clinical_annotation
rs193922753,1A,halothane,toxicity,clinical_annotation
TPMT*1,1A,mercaptopurine,toxicity,clinical_annotation
rs193922878,1A,succinylcholine,toxicity,clinical_annotation
rs118192178,1A,halothane,toxicity,clinical_annotation
rs193922768,1A,halothane,toxicity,clinical_annotation
rs1800559,1A,enflurane,toxicity,clinical_annotation
rs193922772,1A,halothane,toxicity,clinical_annotation
CYP2D6*3,1A,amitriptyline,toxicity,clinical_annotation
rs118192177,1A,halothane,toxicity,clinical_annotation
rs118192170,1A,halothane,toxicity,clinical_annotation
rs121918596,1A,sevoflurane,toxicity,clinical_annotation
rs193922764,1A,methoxyflurane,toxicity,clinical_annotation
rs28933397,1A,enflurane,toxicity,clinical_annotation
CYP2D6*2,1A,amitriptyline,toxicity,clinical_annotation
CYP2D6*6,1A,clomipramine,toxicity,clinical_annotation
CYP2D6*2,1A,codeine,toxicity,clinical_annotation
rs193922876,1A,succinylcholine,toxicity,clinical_annotation
rs118192116,1A,methoxyflurane,toxicity,clinical_annotation
rs118192168,1A,succinylcholine,toxicity,clinical_annotation
rs28933396,1A,enflurane,toxicity,clinical_annotation
rs193922764,1A,desflurane,toxicity,clinical_annotation
rs193922818,1A,halothane,toxicity,clinical_annotation
rs193922770,1A,sevoflurane,toxicity,clinical_annotation
NUDT15*2,1A,mercaptopurine,toxicity,clinical_annotation
CYP2C19*3,1A,citalopram,toxicity,clinical_annotation
rs118192161,1A,methoxyflurane,toxicity,clinical_annotation
rs118192124,1A,halothane,toxicity,clinical_annotation
NAT2*6,1B,ethambutol,toxicity,clinical_annotation
rs118192175,1A,methoxyflurane,toxicity,clinical_annotation
rs112563513,1A,methoxyflurane,toxicity,clinical_annotation
rs144336148,1A,isoflurane,toxicity,clinical_annotation
NUDT15*3,1A,mercaptopurine,toxicity,clinical_annotation
rs3918290,1A,fluorouracil,toxicity,clinical_annotation
rs121918594,1A,enflurane,toxicity,clinical_annotation
NAT2*7B,1B,pyrazinamide,toxicity,clinical_annotation
UGT1A1*6,1A,atazanavir,toxicity,clinical_annotation
rs193922807,1A,enflurane,toxicity,clinical_annotation
rs1801158,1A,capecitabine,toxicity,clinical_annotation
rs118192176,1A,isoflurane,toxicity,clinical_annotation
CYP2D6*5,1A,venlafaxine,toxicity,clinical_annotation
rs28933396,1A,desflurane,toxicity,clinical_annotation
NAT2*4,1B,ethambutol,toxicity,clinical_annotation
rs118192167,1A,methoxyflurane,toxicity,clinical_annotation
rs118192170,1A,enflurane,toxicity,clinical_annotation
CYP2D6*4,1A,imipramine,toxicity,clinical_annotation
rs772226819,1A,desflurane,toxicity,clinical_annotation
TPMT*3A,1A,azathioprine,toxicity,clinical_annotation
CYP2D6*10,1A,nortriptyline,toxicity,clinical_annotation
rs28933397,1A,isoflurane,toxicity,clinical_annotation
rs144336148,1A,enflurane,toxicity,clinical_annotation
rs121918592,1A,methoxyflurane,toxicity,clinical_annotation
rs118192178,1A,enflurane,toxicity,clinical_annotation
rs121918592,1A,enflurane,toxicity,clinical_annotation
rs111888148,1A,enflurane,toxicity,clinical_annotation
rs121918592,1A,isoflurane,toxicity,clinical_annotation
CYP2D6*1,1A,codeine,toxicity,clinical_annotation
rs118192122,1A,methoxyflurane,toxicity,clinical_annotation
rs772226819,1A,methoxyflurane,toxicity,clinical_annotation
rs118192172,1A,enflurane,toxicity,clinical_annotation
rs121918593,1A,succinylcholine,toxicity,clinical_annotation
rs118192172,1A,sevoflurane,toxicity,clinical_annotation
rs193922818,1A,sevoflurane,toxicity,clinical_annotation
rs193922768,1A,isoflurane,toxicity,clinical_annotation
rs193922772,1A,isoflurane,toxicity,clinical_annotation
rs193922803,1A,methoxyflurane,toxicity,clinical_annotation
rs118192163,1A,desflurane,toxicity,clinical_annotation
CYP2D6*1,1A,clomipramine,toxicity,clinical_annotation
rs111888148,1A,sevoflurane,toxicity,clinical_annotation
rs121918592,1A,desflurane,toxicity,clinical_annotation
rs63749869,1A,desflurane,toxicity,clinical_annotation
rs193922747,1A,enflurane,toxicity,clinical_annotation
TPMT*3A,1A,mercaptopurine,toxicity,clinical_annotation
rs118192163,1A,methoxyflurane,toxicity,clinical_annotation
rs193922803,1A,desflurane,toxicity,clinical_annotation
rs144336148,1A,methoxyflurane,toxicity,clinical_annotation
CYP2D6*1xN,1A,codeine,toxicity,clinical_annotation
rs193922843,1A,halothane,toxicity,clinical_annotation
rs121918594,1A,halothane,toxicity,clinical_annotation
rs118192163,1A,isoflurane,toxicity,clinical_annotation
rs28933397,1A,halothane,toxicity,clinical_annotation
rs193922747,1A,sevoflurane,toxicity,clinical_annotation
rs772226819,1A,enflurane,toxicity,clinical_annotation
rs193922768,1A,desflurane,toxicity,clinical_annotation
rs193922772,1A,desflurane,toxicity,clinical_annotation
rs118192167,1A,enflurane,toxicity,clinical_annotation
rs1801160,1A,capecitabine,toxicity,clinical_annotation
rs63749869,1A,methoxyflurane,toxicity,clinical_annotation
UGT1A1*28,1A,FOLFIRI,toxicity,clinical_annotation
CYP2D6*2,1A,tramadol,toxicity,clinical_annotation
rs28933396,1A,methoxyflurane,toxicity,clinical_annotation
G6PD A- 202A_376G,1A,rasburicase,toxicity,clinical_annotation
NAT2*7B,1B,rifampin,toxicity,clinical_annotation
rs193922753,1A,sevoflurane,toxicity,clinical_annotation
rs193922770,1A,desflurane,toxicity,clinical_annotation
CYP2D6*5,1A,atomoxetine,toxicity,clinical_annotation
rs118192116,1A,desflurane,toxicity,clinical_annotation
UGT1A1*37,1A,atazanavir,toxicity,clinical_annotation
rs118192178,1A,sevoflurane,toxicity,clinical_annotation
CYP2D6*6,1A,imipramine,toxicity,clinical_annotation
CYP2C9*6,1A,warfarin,toxicity,clinical_annotation
rs111888148,1A,halothane,toxicity,clinical_annotation
rs2297595,1A,capecitabine,toxicity,clinical_annotation
rs118192177,1A,sevoflurane,toxicity,clinical_annotation
rs118192122,1A,enflurane,toxicity,clinical_annotation
rs193922748,1A,halothane,toxicity,clinical_annotation
CYP2D6*1,1A,nortriptyline,toxicity,clinical_annotation
rs121918593,1A,enflurane,toxicity,clinical_annotation
NUDT15*1,1A,mercaptopurine,toxicity,clinical_annotation
rs111888148,1A,succinylcholine,toxicity,clinical_annotation
rs121918592,1A,succinylcholine,toxicity,clinical_annotation
rs118192178,1A,succinylcholine,toxicity,clinical_annotation
rs121918594,1A,sevoflurane,toxicity,clinical_annotation
rs118192176,1A,enflurane,toxicity,clinical_annotation
rs28933397,1A,sevoflurane,toxicity,clinical_annotation
rs144336148,1A,succinylcholine,toxicity,clinical_annotation
rs3918290,1A,tegafur,toxicity,clinical_annotation
rs118192176,1A,succinylcholine,toxicity,clinical_annotation
HLA-B*15:02:01,1A,oxcarbazepine,toxicity,clinical_annotation
rs118192175,1A,isoflurane,toxicity,clinical_annotation
CYP2D6*4xN,1A,atomoxetine,toxicity,clinical_annotation
rs118192170,1A,succinylcholine,toxicity,clinical_annotation
rs118192162,1A,isoflurane,toxicity,clinical_annotation
rs118192168,1A,desflurane,toxicity,clinical_annotation
rs193922807,1A,succinylcholine,toxicity,clinical_annotation
rs118192176,1A,methoxyflurane,toxicity,clinical_annotation
NAT2*4,1B,rifampin,toxicity,clinical_annotation
rs1801265,1A,fluorouracil,toxicity,clinical_annotation
rs118192122,1A,succinylcholine,toxicity,clinical_annotation
rs193922762,1A,halothane,toxicity,clinical_annotation
rs193922770,1A,isoflurane,toxicity,clinical_annotation
NAT2*7B,1B,ethambutol,toxicity,clinical_annotation
UGT1A1*28,1B,irinotecan,toxicity,clinical_annotation
NAT2*14,1B,isoniazid,toxicity,clinical_annotation
rs193922878,1A,halothane,toxicity,clinical_annotation
HLA-B*15:02:01,1A,phenytoin,toxicity,clinical_annotation
rs118192168,1A,methoxyflurane,toxicity,clinical_annotation
rs118192168,1A,enflurane,toxicity,clinical_annotation
rs28933396,1A,succinylcholine,toxicity,clinical_annotation
rs193922816,1A,methoxyflurane,toxicity,clinical_annotation
rs118192167,1A,succinylcholine,toxicity,clinical_annotation
NAT2*14,1B,pyrazinamide,toxicity,clinical_annotation
rs772226819,1A,succinylcholine,toxicity,clinical_annotation
rs1801086,1A,sevoflurane,toxicity,clinical_annotation
CYP2C9*2,1B,acenocoumarol,toxicity,clinical_annotation
rs193922816,1A,isoflurane,toxicity,clinical_annotation
rs67376798,1A,fluorouracil,toxicity,clinical_annotation
rs63749869,1A,isoflurane,toxicity,clinical_annotation
rs118192172,1A,halothane,toxicity,clinical_annotation
HLA-B*57:01:01,1A,abacavir,toxicity,clinical_annotation
CYP2B6*6,1A,efavirenz,toxicity,clinical_annotation
rs193922747,1A,succinylcholine,toxicity,clinical_annotation
rs115232898,1A,fluorouracil,toxicity,clinical_annotation
rs9923231,1B,warfarin,toxicity,clinical_annotation
rs121918595,1A,halothane,toxicity,clinical_annotation
rs193922803,1A,isoflurane,toxicity,clinical_annotation
CYP2D6*6,1A,venlafaxine,toxicity,clinical_annotation
rs193922770,1A,methoxyflurane,toxicity,clinical_annotation
rs193922768,1A,methoxyflurane,toxicity,clinical_annotation
rs193922772,1A,methoxyflurane,toxicity,clinical_annotation
rs193922876,1A,sevoflurane,toxicity,clinical_annotation
UGT1A1*6,1B,irinotecan,toxicity,clinical_annotation
rs118192172,1A,succinylcholine,toxicity,clinical_annotation
CYP2B6*1,1A,efavirenz,toxicity,clinical_annotation
rs112563513,1A,sevoflurane,toxicity,clinical_annotation
rs193922878,1A,sevoflurane,toxicity,clinical_annotation
rs118192175,1A,succinylcholine,toxicity,clinical_annotation
rs193922832,1A,sevoflurane,toxicity,clinical_annotation
CYP2C9*3,1A,warfarin,toxicity,clinical_annotation
rs193922843,1A,sevoflurane,toxicity,clinical_annotation
CYP2D6*41,1A,amitriptyline,toxicity,clinical_annotation
NAT2*6A,1B,ethambutol,toxicity,clinical_annotation
NAT2*7,1B,isoniazid,toxicity,clinical_annotation
rs118192162,1A,methoxyflurane,toxicity,clinical_annotation
rs121918593,1A,halothane,toxicity,clinical_annotation
rs193922747,1A,halothane,toxicity,clinical_annotation
CYP2D6*3,1A,nortriptyline,toxicity,clinical_annotation
NAT2*6A,1B,rifampin,toxicity,clinical_annotation
NAT2*5B,1B,pyrazinamide,toxicity,clinical_annotation
NAT2*6B,1B,pyrazinamide,toxicity,clinical_annotation
NAT2*5,1B,ethambutol,toxicity,clinical_annotation
CYP2D6*5,1A,clomipramine,toxicity,clinical_annotation
rs267606617,1A,gentamicin,toxicity,clinical_annotation
rs1801086,1A,halothane,toxicity,clinical_annotation
rs118192122,1A,isoflurane,toxicity,clinical_annotation
rs112563513,1A,succinylcholine,toxicity,clinical_annotation
CYP2D6*4,1A,nortriptyline,toxicity,clinical_annotation
rs193922809,1A,desflurane,toxicity,clinical_annotation
NAT2*5B,1B,isoniazid,toxicity,clinical_annotation
NAT2*6B,1B,isoniazid,toxicity,clinical_annotation
rs121918592,1A,sevoflurane,toxicity,clinical_annotation
rs121918594,1A,succinylcholine,toxicity,clinical_annotation
rs118192162,1A,desflurane,toxicity,clinical_annotation
NAT2*6A,1B,pyrazinamide,toxicity,clinical_annotation
rs121918595,1A,sevoflurane,toxicity,clinical_annotation
rs28933396,1A,isoflurane,toxicity,clinical_annotation
rs193922818,1A,methoxyflurane,toxicity,clinical_annotation
NAT2*5D,1B,rifampin,toxicity,clinical_annotation
rs193922748,1A,sevoflurane,toxicity,clinical_annotation
rs67376798,1A,tegafur,toxicity,clinical_annotation
rs118192167,1A,isoflurane,toxicity,clinical_annotation
NAT2*6,1B,isoniazid,toxicity,clinical_annotation
rs112563513,1A,halothane,toxicity,clinical_annotation
rs193922802,1A,halothane,toxicity,clinical_annotation
rs193922832,1A,enflurane,toxicity,clinical_annotation
rs193922809,1A,methoxyflurane,toxicity,clinical_annotation
rs193922832,1A,halothane,toxicity,clinical_annotation
rs193922747,1A,desflurane,toxicity,clinical_annotation
rs118192163,1A,sevoflurane,toxicity,clinical_annotation
rs193922876,1A,enflurane,toxicity,clinical_annotation
rs111888148,1A,desflurane,toxicity,clinical_annotation
rs55886062,1A,tegafur,toxicity,clinical_annotation
rs1801158,1A,fluorouracil,toxicity,clinical_annotation
rs118192172,1A,desflurane,toxicity,clinical_annotation
rs144336148,1A,desflurane,toxicity,clinical_annotation
TPMT*3C,1A,azathioprine,toxicity,clinical_annotation
TPMT*12,1A,mercaptopurine,toxicity,clinical_annotation
NAT2*14,1B,ethambutol,toxicity,clinical_annotation
rs28933397,1A,succinylcholine,toxicity,clinical_annotation
HLA-A*31:01:02,1A,carbamazepine,toxicity,clinical_annotation
rs118192116,1A,isoflurane,toxicity,clinical_annotation
rs121918592,1A,halothane,toxicity,clinical_annotation
TPMT*4,1A,mercaptopurine,toxicity,clinical_annotation
rs772226819,1A,isoflurane,toxicity,clinical_annotation
CYP2D6*3,1A,desipramine,toxicity,clinical_annotation
CYP2B6*2,1A,efavirenz,toxicity,clinical_annotation
NAT2*5D,1B,ethambutol,toxicity,clinical_annotation
rs193922762,1A,sevoflurane,toxicity,clinical_annotation
CYP2D6*4,1A,venlafaxine,toxicity,clinical_annotation
rs78060119,1A,fluorouracil,toxicity,clinical_annotation
rs1800559,1A,succinylcholine,toxicity,clinical_annotation
rs1801159,1A,capecitabine,toxicity,clinical_annotation
rs193922843,1A,enflurane,toxicity,clinical_annotation
rs193922803,1A,halothane,toxicity,clinical_annotation
rs193922809,1A,succinylcholine,toxicity,clinical_annotation
rs193922843,1A,desflurane,toxicity,clinical_annotation
rs193922878,1A,enflurane,toxicity,clinical_annotation
rs193922802,1A,sevoflurane,toxicity,clinical_annotation
rs193922764,1A,succinylcholine,toxicity,clinical_annotation
CYP2D6*6,1A,nortriptyline,toxicity,clinical_annotation
NAT2*5,1B,isoniazid,toxicity,clinical_annotation
rs1800559,1A,methoxyflurane,toxicity,clinical_annotation
CYP2C9*2,1A,phenytoin,toxicity,clinical_annotation
rs193922748,1A,succinylcholine,toxicity,clinical_annotation
CYP2D6*2xN,1A,codeine,toxicity,clinical_annotation
CYP2D6*6,1A,atomoxetine,toxicity,clinical_annotation
rs17376848,1A,fluorouracil,toxicity,clinical_annotation
rs193922762,1A,succinylcholine,toxicity,clinical_annotation
rs193922768,1A,enflurane,toxicity,clinical_annotation
rs193922772,1A,enflurane,toxicity,clinical_annotation
rs121918594,1A,methoxyflurane,toxicity,clinical_annotation
rs4149056,1A,atorvastatin,toxicity,clinical_annotation
rs28933397,1A,methoxyflurane,toxicity,clinical_annotation
rs1801086,1A,isoflurane,toxicity,clinical_annotation
UGT1A1*28,1A,ritonavir,toxicity,clinical_annotation
rs56038477,1A,fluorouracil,toxicity,clinical_annotation
rs118192116,1A,halothane,toxicity,clinical_annotation
rs118192161,1A,isoflurane,toxicity,clinical_annotation
rs118192161,1A,enflurane,toxicity,clinical_annotation
rs63749869,1A,halothane,toxicity,clinical_annotation
rs121918596,1A,methoxyflurane,toxicity,clinical_annotation
CYP2D6*1xN,1A,tramadol,toxicity,clinical_annotation
rs28933396,1A,halothane,toxicity,clinical_annotation
rs193922876,1A,halothane,toxicity,clinical_annotation
rs112563513,1A,isoflurane,toxicity,clinical_annotation
rs28933397,1A,desflurane,toxicity,clinical_annotation
rs121918596,1A,enflurane,toxicity,clinical_annotation
CYP2D6*4,1A,amitriptyline,toxicity,clinical_annotation
CYP2C9*1,1A,warfarin,toxicity,clinical_annotation
CYP2D6*3,1A,clomipramine,toxicity,clinical_annotation
rs118192177,1A,desflurane,toxicity,clinical_annotation
rs121918593,1A,sevoflurane,toxicity,clinical_annotation
rs193922818,1A,succinylcholine,toxicity,clinical_annotation
rs118192176,1A,desflurane,toxicity,clinical_annotation
rs267606617,1A,streptomycin,toxicity,clinical_annotation
rs121918595,1A,succinylcholine,toxicity,clinical_annotation
rs55886062,1A,capecitabine,toxicity,clinical_annotation
rs118192170,1A,desflurane,toxicity,clinical_annotation
UGT1A1*28,1A,irinotecan,toxicity,clinical_annotation
rs193922816,1A,sevoflurane,toxicity,clinical_annotation
rs118192175,1A,sevoflurane,toxicity,clinical_annotation
CYP2B6*18,1A,efavirenz,toxicity,clinical_annotation
rs118192116,1A,sevoflurane,toxicity,clinical_annotation
UGT1A1*1,1A,ritonavir,toxicity,clinical_annotation
NAT2*7B,1B,isoniazid,toxicity,clinical_annotation
rs193922764,1A,isoflurane,toxicity,clinical_annotation
rs772226819,1A,halothane,toxicity,clinical_annotation
rs121918594,1A,desflurane,toxicity,clinical_annotation
rs118192167,1A,sevoflurane,toxicity,clinical_annotation
rs118192162,1A,succinylcholine,toxicity,clinical_annotation
rs193922748,1A,isoflurane,toxicity,clinical_annotation
rs193922807,1A,isoflurane,toxicity,clinical_annotation
rs3745274,1A,efavirenz,toxicity,clinical_annotation
CYP2D6*1,1A,venlafaxine,toxicity,clinical_annotation
CYP2D6*3,1A,venlafaxine,toxicity,clinical_annotation
rs2297595,1A,fluorouracil,toxicity,clinical_annotation
rs193922770,1A,succinylcholine,toxicity,clinical_annotation
rs193922832,1A,isoflurane,toxicity,clinical_annotation
rs193922803,1A,enflurane,toxicity,clinical_annotation
rs1801159,1A,fluorouracil,toxicity,clinical_annotation
rs118192163,1A,halothane,toxicity,clinical_annotation
CYP2D6*4,1A,atomoxetine,toxicity,clinical_annotation
rs118192177,1A,enflurane,toxicity,clinical_annotation
rs118192122,1A,sevoflurane,toxicity,clinical_annotation
CYP2D6*1,1A,amitriptyline,toxicity,clinical_annotation
rs118192124,1A,enflurane,toxicity,clinical_annotation
rs193922843,1A,methoxyflurane,toxicity,clinical_annotation
CYP2D6*2xN,1A,tramadol,toxicity,clinical_annotation
TPMT*2,1A,mercaptopurine,toxicity,clinical_annotation
rs118192161,1A,halothane,toxicity,clinical_annotation
rs118192124,1A,methoxyflurane,toxicity,clinical_annotation
rs63749869,1A,enflurane,toxicity,clinical_annotation
CYP2C9*3,1A,phenytoin,toxicity,clinical_annotation
rs193922816,1A,halothane,toxicity,clinical_annotation
rs118192175,1A,halothane,toxicity,clinical_annotation
CYP2D6*6,1A,amitriptyline,toxicity,clinical_annotation
rs193922753,1A,enflurane,toxicity,clinical_annotation
rs193922802,1A,succinylcholine,toxicity,clinical_annotation
rs193922818,1A,desflurane,toxicity,clinical_annotation
UGT1A1*1,1A,atazanavir,toxicity,clinical_annotation
rs193922832,1A,desflurane,toxicity,clinical_annotation
rs193922753,1A,desflurane,toxicity,clinical_annotation
rs56038477,1A,capecitabine,toxicity,clinical_annotation
UGT1A1*36,1A,ritonavir,toxicity,clinical_annotation
rs118192163,1A,enflurane,toxicity,clinical_annotation
rs193922762,1A,isoflurane,toxicity,clinical_annotation
rs118192178,1A,desflurane,toxicity,clinical_annotation
rs193922876,1A,isoflurane,toxicity,clinical_annotation
rs772226819,1A,sevoflurane,toxicity,clinical_annotation
rs55886062,1A,fluorouracil,toxicity,clinical_annotation
TPMT*3B,1A,mercaptopurine,toxicity,clinical_annotation
rs193922816,1A,succinylcholine,toxicity,clinical_annotation
rs118192172,1A,methoxyflurane,toxicity,clinical_annotation
rs193922807,1A,methoxyflurane,toxicity,clinical_annotation
rs1801086,1A,succinylcholine,toxicity,clinical_annotation
rs193922803,1A,sevoflurane,toxicity,clinical_annotation
rs111888148,1A,methoxyflurane,toxicity,clinical_annotation
rs118192170,1A,isoflurane,toxicity,clinical_annotation
rs118192124,1A,desflurane,toxicity,clinical_annotation
rs6025,1A,hormonal contraceptives for systemic use,toxicity,clinical_annotation
TPMT*2,1A,azathioprine,toxicity,clinical_annotation
rs193922878,1A,isoflurane,toxicity,clinical_annotation
CYP2C9*1,1B,acenocoumarol,toxicity,clinical_annotation
rs193922807,1A,desflurane,toxicity,clinical_annotation
rs193922753,1A,methoxyflurane,toxicity,clinical_annotation
UGT1A1*1,1B,irinotecan,toxicity,clinical_annotation
rs193922809,1A,sevoflurane,toxicity,clinical_annotation
CYP2C19*1,1A,citalopram,toxicity,clinical_annotation
rs112563513,1A,desflurane,toxicity,clinical_annotation
rs118192178,1A,methoxyflurane,toxicity,clinical_annotation
CYP2B6*38,1A,efavirenz,toxicity,clinical_annotation
UGT1A1*28,1A,atazanavir,toxicity,clinical_annotation
rs193922747,1A,methoxyflurane,toxicity,clinical_annotation
rs118192177,1A,methoxyflurane,toxicity,clinical_annotation
HLA-B*57:01:01,1A,flucloxacillin,toxicity,clinical_annotation
rs118192170,1A,methoxyflurane,toxicity,clinical_annotation
rs118192116,1A,enflurane,toxicity,clinical_annotation
rs63749869,1A,sevoflurane,toxicity,clinical_annotation
rs1801086,1A,enflurane,toxicity,clinical_annotation
rs75017182,1A,capecitabine,toxicity,clinical_annotation
rs193922764,1A,halothane,toxicity,clinical_annotation
rs193922816,1A,enflurane,toxicity,clinical_annotation
CYP2D6*1xN,1A,amitriptyline,toxicity,clinical_annotation
rs28933396,1A,sevoflurane,toxicity,clinical_annotation
rs121918595,1A,isoflurane,toxicity,clinical_annotation
rs118192124,1A,isoflurane,toxicity,clinical_annotation
rs59086055,1A,fluorouracil,toxicity,clinical_annotation
CYP2D6*5,1A,desipramine,toxicity,clinical_annotation
CYP2D6*10,1A,amitriptyline,toxicity,clinical_annotation
rs144336148,1A,halothane,toxicity,clinical_annotation
rs118192176,1A,halothane,toxicity,clinical_annotation
rs121918593,1A,desflurane,toxicity,clinical_annotation
rs193922753,1A,succinylcholine,toxicity,clinical_annotation
rs63749869,1A,succinylcholine,toxicity,clinical_annotation
"G6PD Mediterranean, Dallas, Panama, Sassari, Cagliari, Birmingham",1A,rasburicase,toxicity,clinical_annotation
CYP2D6*1,1A,imipramine,toxicity,clinical_annotation
rs193922802,1A,isoflurane,toxicity,clinical_annotation
rs118192177,1A,succinylcholine,toxicity,clinical_annotation
CYP2C19*4,1A,citalopram,toxicity,clinical_annotation
rs1801086,1A,desflurane,toxicity,clinical_annotation
rs193922802,1A,methoxyflurane,toxicity,clinical_annotation
CYP2D6*1,1A,desipramine,toxicity,clinical_annotation
rs193922803,1A,succinylcholine,toxicity,clinical_annotation
rs193922809,1A,halothane,toxicity,clinical_annotation
rs193922770,1A,enflurane,toxicity,clinical_annotation
rs121918596,1A,desflurane,toxicity,clinical_annotation
rs193922876,1A,desflurane,toxicity,clinical_annotation
CYP2D6*3,1A,atomoxetine,toxicity,clinical_annotation
UGT1A1*1,1A,irinotecan,toxicity,clinical_annotation
NAT2*4,1B,isoniazid,toxicity,clinical_annotation
rs267606617,1A,aminoglycoside antibacterials,toxicity,clinical_annotation
rs193922764,1A,sevoflurane,toxicity,clinical_annotation
rs1800559,1A,desflurane,toxicity,clinical_annotation
CYP2C19*2,1A,imipramine,metabolism,clinical_annotation
CYP2C19*1,1A,doxepin,metabolism,clinical_annotation
CYP2A6*1B1,1B,nicotine,metabolism,clinical_annotation
CYP2D6*5,1A,propafenone,metabolism,clinical_annotation
CYP2D6*6,1A,tamoxifen,metabolism,clinical_annotation
CYP2D6*4,1A,risperidone,metabolism,clinical_annotation
CYP2D6*9,1A,tramadol,metabolism,clinical_annotation
CYP2D6*2xN,1A,paroxetine,metabolism,clinical_annotation
CYP2C9*5,1A,phenytoin,metabolism,clinical_annotation
CYP2C19*2,1A,sertraline,metabolism,clinical_annotation
CYP2D6*1,1A,haloperidol,metabolism,clinical_annotation
CYP2D6*41,1A,doxepin,metabolism,clinical_annotation
CYP2D6*5,1A,trimipramine,metabolism,clinical_annotation
CYP2C19*2,1A,trimipramine,metabolism,clinical_annotation
CYP2D6*9,1A,desipramine,metabolism,clinical_annotation
CYP2D6*4,1A,amitriptyline,metabolism,clinical_annotation
CYP2D6*36,1A,codeine,metabolism,clinical_annotation
CYP2D6*5,1A,tamoxifen,metabolism,clinical_annotation
CYP2D6*10,1A,venlafaxine,metabolism,clinical_annotation
CYP2D6*10,1A,metoprolol,metabolism,clinical_annotation
CYP2D6*35,1A,tamoxifen,metabolism,clinical_annotation
CYP2D6*2,1A,amitriptyline,metabolism,clinical_annotation
CYP2D6*5,1A,haloperidol,metabolism,clinical_annotation
CYP2C9*1,1A,tenoxicam,metabolism,clinical_annotation
CYP2C9*1,1A,piroxicam,metabolism,clinical_annotation
CYP2C9*1,1A,celecoxib,metabolism,clinical_annotation
CYP2A6*7,1B,nicotine,metabolism,clinical_annotation
CYP2D6*1,1A,tamoxifen,metabolism,clinical_annotation
CYP2C19*19,1A,clopidogrel,metabolism,clinical_annotation
CYP2C9*33,1A,phenytoin,metabolism,clinical_annotation
CYP2D6*41,1A,tamoxifen,metabolism,clinical_annotation
CYP2D6*10,1A,clomipramine,metabolism,clinical_annotation
CYP2C9*3,1A,tenoxicam,metabolism,clinical_annotation
CYP2D6*1,1A,propafenone,metabolism,clinical_annotation
CYP2D6*14,1A,risperidone,metabolism,clinical_annotation
CYP2D6*3,1A,clomipramine,metabolism,clinical_annotation
CYP2C9*43,1A,phenytoin,metabolism,clinical_annotation
CYP2D6*17,1A,atomoxetine,metabolism,clinical_annotation
CYP2D6*1,1A,aripiprazole,metabolism,clinical_annotation
CYP2D6*6,1A,aripiprazole,metabolism,clinical_annotation
CYP2D6*6,1A,clomipramine,metabolism,clinical_annotation
CYP2A6*24A,1B,nicotine,metabolism,clinical_annotation
CYP2C9*39,1A,phenytoin,metabolism,clinical_annotation
CYP2D6*5,1A,nortriptyline,metabolism,clinical_annotation
CYP2D6*41,1A,hydrocodone,metabolism,clinical_annotation
CYP2D6*2,1A,codeine,metabolism,clinical_annotation
CYP2C19*1,1A,pantoprazole,metabolism,clinical_annotation
CYP2D6*1xN,1A,nortriptyline,metabolism,clinical_annotation
CYP2D6*9,1A,doxepin,metabolism,clinical_annotation
CYP2D6*1xN,1A,tramadol,metabolism,clinical_annotation
CYP2C19*10,1A,omeprazole,metabolism,clinical_annotation
CYP2C19*2,1A,clopidogrel,metabolism,clinical_annotation
CYP2C19*17,1A,imipramine,metabolism,clinical_annotation
CYP2C19*1,1A,sertraline,metabolism,clinical_annotation
CYP2C19*26,1A,omeprazole,metabolism,clinical_annotation
CYP2C19*17,1A,pantoprazole,metabolism,clinical_annotation
CYP2C9*1,1A,phenytoin,metabolism,clinical_annotation
CYP2C19*2,1A,escitalopram,metabolism,clinical_annotation
CYP2D6*1,1A,hydrocodone,metabolism,clinical_annotation
CYP2D6*10,1A,risperidone,metabolism,clinical_annotation
CYP2C19*17,1A,escitalopram,metabolism,clinical_annotation
CYP2D6*5,1A,codeine,metabolism,clinical_annotation
CYP2B6*18,1A,efavirenz,metabolism,clinical_annotation
CYP2D6*10,1A,flecainide,metabolism,clinical_annotation
CYP2C19*2,1A,voriconazole,metabolism,clinical_annotation
CYP2D6*10,1A,doxepin,metabolism,clinical_annotation
CYP2D6*3,1A,codeine,metabolism,clinical_annotation
CYP2D6*10,1A,fluvoxamine,metabolism,clinical_annotation
CYP2D6*10,1A,tropisetron,metabolism,clinical_annotation
CYP2C19*3,1A,citalopram,metabolism,clinical_annotation
CYP2C9*1,1A,ibuprofen,metabolism,clinical_annotation
CYP2C19*8,1A,lansoprazole,metabolism,clinical_annotation
CYP2D6*35xN,1A,doxepin,metabolism,clinical_annotation
CYP2B6*6,1A,efavirenz,metabolism,clinical_annotation
CYP2C9*1,1A,meloxicam,metabolism,clinical_annotation
CYP2C19*25,1A,clopidogrel,metabolism,clinical_annotation
CYP2C19*17,1A,omeprazole,metabolism,clinical_annotation
CYP2D6*6,1A,codeine,metabolism,clinical_annotation
CYP2D6*6,1A,metoprolol,metabolism,clinical_annotation
CYP2D6*6,1A,venlafaxine,metabolism,clinical_annotation
CYP2D6*17,1A,tramadol,metabolism,clinical_annotation
CYP2C19*2,1A,citalopram,metabolism,clinical_annotation
CYP2C19*1,1A,clomipramine,metabolism,clinical_annotation
CYP2C19*1,1A,clopidogrel,metabolism,clinical_annotation
CYP2C9*29,1A,flurbiprofen,metabolism,clinical_annotation
CYP2B6*28,1A,efavirenz,metabolism,clinical_annotation
CYP2D6*1,1A,paroxetine,metabolism,clinical_annotation
CYP2D6*2,1A,paroxetine,metabolism,clinical_annotation
CYP2D6*4,1A,tramadol,metabolism,clinical_annotation
CYP2A6*2,1B,nicotine,metabolism,clinical_annotation
CYP2D6*5,1A,aripiprazole,metabolism,clinical_annotation
CYP2C19*3,1A,omeprazole,metabolism,clinical_annotation
CYP2C19*3,1A,voriconazole,metabolism,clinical_annotation
CYP2C9*45,1A,phenytoin,metabolism,clinical_annotation
CYP3A4*18,1B,tacrolimus,metabolism,clinical_annotation
CYP2D6*5,1A,venlafaxine,metabolism,clinical_annotation
CYP2C19*9,1A,omeprazole,metabolism,clinical_annotation
CYP2C9*3,1A,siponimod,metabolism,clinical_annotation
CYP2D6*2xN,1A,desipramine,metabolism,clinical_annotation
CYP2D6*3,1A,metoprolol,metabolism,clinical_annotation
CYP2B6*1,1A,efavirenz,metabolism,clinical_annotation
CYP2D6*36,1A,flecainide,metabolism,clinical_annotation
CYP2D6*1xN,1A,risperidone,metabolism,clinical_annotation
CYP3A4*1G,1B,tacrolimus,metabolism,clinical_annotation
CYP2C9*42,1A,phenytoin,metabolism,clinical_annotation
CYP2D6*1xN,1A,doxepin,metabolism,clinical_annotation
CYP2D6*3,1A,haloperidol,metabolism,clinical_annotation
CYP2D6*1,1A,venlafaxine,metabolism,clinical_annotation
CYP2D6*3,1A,venlafaxine,metabolism,clinical_annotation
CYP2D6*4,1A,desipramine,metabolism,clinical_annotation
rs3745274,1A,efavirenz,metabolism,clinical_annotation
CYP2C9*2,1A,flurbiprofen,metabolism,clinical_annotation
CYP2D6*5,1A,metoprolol,metabolism,clinical_annotation
CYP2D6*3,1A,trimipramine,metabolism,clinical_annotation
CYP2D6*10,1A,haloperidol,metabolism,clinical_annotation
CYP2C9*52,1A,phenytoin,metabolism,clinical_annotation
CYP2D6*4,1A,imipramine,metabolism,clinical_annotation
CYP2C9*3,1A,meloxicam,metabolism,clinical_annotation
CYP2D6*41,1A,amitriptyline,metabolism,clinical_annotation
CYP2D6*96,1A,atomoxetine,metabolism,clinical_annotation
CYP2D6*10,1A,nortriptyline,metabolism,clinical_annotation
CYP2C9*3,1A,celecoxib,metabolism,clinical_annotation
CYP2D6*2,1A,tamoxifen,metabolism,clinical_annotation
CYP2D6*4,1A,atomoxetine,metabolism,clinical_annotation
CYP2C9*13,1A,lornoxicam,metabolism,clinical_annotation
CYP2D6*3,1A,nortriptyline,metabolism,clinical_annotation
CYP2C19*2,1A,clomipramine,metabolism,clinical_annotation
CYP2D6*4,1A,trimipramine,metabolism,clinical_annotation
CYP2D6*1,1A,amitriptyline,metabolism,clinical_annotation
CYP2A6*27,1B,nicotine,metabolism,clinical_annotation
CYP2D6*2xN,1A,tropisetron,metabolism,clinical_annotation
CYP2D6*4,1A,zuclopenthixol,metabolism,clinical_annotation
CYP2A6*9A,1B,nicotine,metabolism,clinical_annotation
CYP2D6*29,1A,codeine,metabolism,clinical_annotation
CYP2D6*41,1A,tramadol,metabolism,clinical_annotation
CYP2D6*5,1A,clomipramine,metabolism,clinical_annotation
CYP2D6*2,1A,hydrocodone,metabolism,clinical_annotation
CYP2C19*2,1A,doxepin,metabolism,clinical_annotation
CYP2A6*17,1B,nicotine,metabolism,clinical_annotation
CYP2D6*1xN,1A,clomipramine,metabolism,clinical_annotation
CYP2C9*3,1A,phenytoin,metabolism,clinical_annotation
CYP2D6*2xN,1A,nortriptyline,metabolism,clinical_annotation
CYP2C9*2,1A,siponimod,metabolism,clinical_annotation
CYP2D6*1,1A,codeine,metabolism,clinical_annotation
CYP2D6*6,1A,amitriptyline,metabolism,clinical_annotation
CYP2D6*1,1A,atomoxetine,metabolism,clinical_annotation
CYP2D6*5,1A,risperidone,metabolism,clinical_annotation
CYP2D6*4,1A,nortriptyline,metabolism,clinical_annotation
CYP2D6*3,1A,tropisetron,metabolism,clinical_annotation
CYP3A5*1,1B,tacrolimus,metabolism,clinical_annotation
CYP2A6*1A,1B,nicotine,metabolism,clinical_annotation
CYP2C19*1,1A,dexlansoprazole,metabolism,clinical_annotation
CYP2D6*2,1A,propafenone,metabolism,clinical_annotation
CYP2D6*31,1A,metoprolol,metabolism,clinical_annotation
CYP2C19*3,1A,sertraline,metabolism,clinical_annotation
CYP2D6*10,1A,desipramine,metabolism,clinical_annotation
CYP2C19*24,1A,omeprazole,metabolism,clinical_annotation
CYP2D6*4,1A,tropisetron,metabolism,clinical_annotation
CYP2D6*4,1A,fluvoxamine,metabolism,clinical_annotation
CYP2D6*1,1A,clomipramine,metabolism,clinical_annotation
CYP2D6*17,1A,hydrocodone,metabolism,clinical_annotation
CYP2D6*9,1A,metoprolol,metabolism,clinical_annotation
CYP2D6*29,1A,metoprolol,metabolism,clinical_annotation
CYP2D6*4,1A,flecainide,metabolism,clinical_annotation
CYP2C19*3,1A,imipramine,metabolism,clinical_annotation
CYP2C19*1,1A,lansoprazole,metabolism,clinical_annotation
CYP2D6*5,1A,amitriptyline,metabolism,clinical_annotation
CYP2D6*4,1A,tamoxifen,metabolism,clinical_annotation
CYP2D6*2,1A,haloperidol,metabolism,clinical_annotation
CYP2D6*2xN,1A,doxepin,metabolism,clinical_annotation
CYP2D6*17,1A,tamoxifen,metabolism,clinical_annotation
CYP2D6*6,1A,risperidone,metabolism,clinical_annotation
CYP2D6*17,1A,nortriptyline,metabolism,clinical_annotation
CYP2D6*21,1A,flecainide,metabolism,clinical_annotation
CYP3A5*6,1A,tacrolimus,metabolism,clinical_annotation
CYP2B6*9,1A,efavirenz,metabolism,clinical_annotation
CYP2D6*10,1A,tramadol,metabolism,clinical_annotation
CYP2D6*4,1A,hydrocodone,metabolism,clinical_annotation
CYP2D6*29,1A,tamoxifen,metabolism,clinical_annotation
CYP2C19*8,1A,clopidogrel,metabolism,clinical_annotation
CYP2D6*35,1A,metoprolol,metabolism,clinical_annotation
CYP2D6*2,1A,desipramine,metabolism,clinical_annotation
CYP2C9*1,1A,siponimod,metabolism,clinical_annotation
CYP2D6*3,1A,tamoxifen,metabolism,clinical_annotation
CYP2D6*41,1A,paroxetine,metabolism,clinical_annotation
CYP2C19*1,1A,voriconazole,metabolism,clinical_annotation
CYP2D6*14,1A,fluvoxamine,metabolism,clinical_annotation
CYP3A4*1,1B,tacrolimus,metabolism,clinical_annotation
CYP2C9*55,1A,phenytoin,metabolism,clinical_annotation
CYP2D6*1,1A,metoprolol,metabolism,clinical_annotation
CYP2C9*3,1A,piroxicam,metabolism,clinical_annotation
CYP2A6*4A,1B,nicotine,metabolism,clinical_annotation
CYP2D6*1xN,1A,codeine,metabolism,clinical_annotation
CYP2C19*3,1A,escitalopram,metabolism,clinical_annotation
CYP2C19*3,1A,clopidogrel,metabolism,clinical_annotation
CYP2D6*10,1A,aripiprazole,metabolism,clinical_annotation
CYP2D6*5,1A,paroxetine,metabolism,clinical_annotation
CYP2C19*17,1A,voriconazole,metabolism,clinical_annotation
CYP2C19*1,1A,amitriptyline,metabolism,clinical_annotation
CYP2D6*41,1A,metoprolol,metabolism,clinical_annotation
CYP2C19*17,1A,lansoprazole,metabolism,clinical_annotation
CYP2D6*4,1A,doxepin,metabolism,clinical_annotation
CYP2D6*1xN,1A,paroxetine,metabolism,clinical_annotation
CYP2D6*17,1A,haloperidol,metabolism,clinical_annotation
CYP2A6*20,1B,nicotine,metabolism,clinical_annotation
CYP2D6*4,1A,aripiprazole,metabolism,clinical_annotation
CYP2C19*2,1A,lansoprazole,metabolism,clinical_annotation
CYP2C19*1,1A,imipramine,metabolism,clinical_annotation
CYP2C19*17,1A,sertraline,metabolism,clinical_annotation
CYP2C9*3,1A,ibuprofen,metabolism,clinical_annotation
CYP2C9*1,1A,lornoxicam,metabolism,clinical_annotation
CYP2C19*3,1A,lansoprazole,metabolism,clinical_annotation
CYP2C19*1,1A,citalopram,metabolism,clinical_annotation
CYP3A4*22,1B,tacrolimus,metabolism,clinical_annotation
CYP2D6*4,1A,clomipramine,metabolism,clinical_annotation
CYP2C19*9,1A,lansoprazole,metabolism,clinical_annotation
CYP2D6*2,1A,tramadol,metabolism,clinical_annotation
CYP3A5*3,1A,tacrolimus,metabolism,clinical_annotation
CYP2D6*2,1A,nortriptyline,metabolism,clinical_annotation
CYP2D6*41,1A,clomipramine,metabolism,clinical_annotation
CYP2D6*1,1A,doxepin,metabolism,clinical_annotation
CYP2C19*17,1A,citalopram,metabolism,clinical_annotation
CYP2D6*92,1A,atomoxetine,metabolism,clinical_annotation
CYP2D6*3,1A,doxepin,metabolism,clinical_annotation
CYP2D6*1,1A,flecainide,metabolism,clinical_annotation
CYP2C19*17,1A,amitriptyline,metabolism,clinical_annotation
CYP2D6*35,1A,doxepin,metabolism,clinical_annotation
CYP2D6*5,1A,atomoxetine,metabolism,clinical_annotation
CYP2D6*1,1A,risperidone,metabolism,clinical_annotation
CYP2C19*2,1A,amitriptyline,metabolism,clinical_annotation
CYP3A5*7,1A,tacrolimus,metabolism,clinical_annotation
CYP2C9*1,1A,flurbiprofen,metabolism,clinical_annotation
CYP2D6*6,1A,desipramine,metabolism,clinical_annotation
CYP2C19*3,1A,dexlansoprazole,metabolism,clinical_annotation
CYP2D6*36,1A,propafenone,metabolism,clinical_annotation
CYP2B6*4,1A,efavirenz,metabolism,clinical_annotation
CYP2D6*10,1A,propafenone,metabolism,clinical_annotation
CYP2D6*1,1A,fluvoxamine,metabolism,clinical_annotation
CYP3A5*1,1A,tacrolimus,metabolism,clinical_annotation
CYP2D6*3,1A,imipramine,metabolism,clinical_annotation
CYP2C19*17,1A,clopidogrel,metabolism,clinical_annotation
CYP2D6*41,1A,aripiprazole,metabolism,clinical_annotation
CYP2D6*1xN,1A,amitriptyline,metabolism,clinical_annotation
CYP2C9*8,1A,phenytoin,metabolism,clinical_annotation
CYP2C19*2,1A,pantoprazole,metabolism,clinical_annotation
CYP2A6*1X2B,1B,nicotine,metabolism,clinical_annotation
CYP2A6*10,1B,nicotine,metabolism,clinical_annotation
CYP2D6*5,1A,desipramine,metabolism,clinical_annotation
CYP2D6*10,1A,amitriptyline,metabolism,clinical_annotation
CYP2D6*4,1A,venlafaxine,metabolism,clinical_annotation
CYP2C19*3,1A,pantoprazole,metabolism,clinical_annotation
CYP2D6*4,1A,metoprolol,metabolism,clinical_annotation
CYP2D6*4,1A,codeine,metabolism,clinical_annotation
CYP2C9*13,1A,meloxicam,metabolism,clinical_annotation
CYP2D6*5,1A,imipramine,metabolism,clinical_annotation
CYP2C9*2,1A,ibuprofen,metabolism,clinical_annotation
CYP2C19*1,1A,escitalopram,metabolism,clinical_annotation
CYP2D6*1,1A,nortriptyline,metabolism,clinical_annotation
CYP2D6*17,1A,codeine,metabolism,clinical_annotation
CYP2C9*29,1A,phenytoin,metabolism,clinical_annotation
CYP2C9*3,1A,lornoxicam,metabolism,clinical_annotation
CYP2C9*2,1A,meloxicam,metabolism,clinical_annotation
CYP2C19*3,1A,amitriptyline,metabolism,clinical_annotation
CYP2D6*17,1A,metoprolol,metabolism,clinical_annotation
CYP2D6*9,1A,paroxetine,metabolism,clinical_annotation
CYP2D6*4,1A,paroxetine,metabolism,clinical_annotation
CYP2A6*28A,1B,nicotine,metabolism,clinical_annotation
CYP2D6*10,1A,tamoxifen,metabolism,clinical_annotation
CYP2C19*17,1A,clomipramine,metabolism,clinical_annotation
CYP2C9*13,1A,phenytoin,metabolism,clinical_annotation
CYP2D6*1,1A,tramadol,metabolism,clinical_annotation
CYP2D6*3,1A,tramadol,metabolism,clinical_annotation
CYP2D6*6,1A,tramadol,metabolism,clinical_annotation
CYP2C9*14,1A,phenytoin,metabolism,clinical_annotation
CYP2C19*2,1A,dexlansoprazole,metabolism,clinical_annotation
CYP2D6*1,1A,trimipramine,metabolism,clinical_annotation
CYP2D6*5,1A,tramadol,metabolism,clinical_annotation
CYP2A6*19,1B,nicotine,metabolism,clinical_annotation
CYP2D6*6,1A,nortriptyline,metabolism,clinical_annotation
CYP3A4*20,1B,tacrolimus,metabolism,clinical_annotation
CYP2C19*1,1A,omeprazole,metabolism,clinical_annotation
CYP2D6*41,1A,codeine,metabolism,clinical_annotation
CYP2D6*1,1A,imipramine,metabolism,clinical_annotation
CYP2C9*2,1A,phenytoin,metabolism,clinical_annotation
CYP2D6*4,1A,haloperidol,metabolism,clinical_annotation
CYP2C9*50,1A,phenytoin,metabolism,clinical_annotation
CYP2C9*6,1A,phenytoin,metabolism,clinical_annotation
CYP2D6*2xN,1A,codeine,metabolism,clinical_annotation
CYP2D6*6,1A,trimipramine,metabolism,clinical_annotation
CYP2C19*10,1A,clopidogrel,metabolism,clinical_annotation
CYP3A5*3,1B,tacrolimus,metabolism,clinical_annotation
CYP2A6*26,1B,nicotine,metabolism,clinical_annotation
CYP2D6*2,1A,metoprolol,metabolism,clinical_annotation
CYP2C19*3,1A,clomipramine,metabolism,clinical_annotation
CYP2D6*1,1A,desipramine,metabolism,clinical_annotation
CYP2D6*1,1A,zuclopenthixol,metabolism,clinical_annotation
CYP2D6*3,1A,zuclopenthixol,metabolism,clinical_annotation
CYP2C9*37,1A,phenytoin,metabolism,clinical_annotation
CYP2C9*31,1A,phenytoin,metabolism,clinical_annotation
CYP2D6*10,1A,paroxetine,metabolism,clinical_annotation
CYP2D6*5,1A,fluvoxamine,metabolism,clinical_annotation
CYP2C19*1,1A,trimipramine,metabolism,clinical_annotation
CYP2D6*4xN,1A,atomoxetine,metabolism,clinical_annotation
CYP2D6*1,1A,tropisetron,metabolism,clinical_annotation
CYP2D6*3,1A,paroxetine,metabolism,clinical_annotation
CYP2D6*5,1A,flecainide,metabolism,clinical_annotation
CYP2C9*2,1A,celecoxib,metabolism,clinical_annotation
CYP2C9*13,1A,celecoxib,metabolism,clinical_annotation
CYP2D6*5,1A,doxepin,metabolism,clinical_annotation
CYP2C9*16,1A,phenytoin,metabolism,clinical_annotation
CYP2D6*10,1A,atomoxetine,metabolism,clinical_annotation
CYP2D6*10,1A,codeine,metabolism,clinical_annotation
CYP2D6*3,1A,risperidone,metabolism,clinical_annotation
CYP2D6*5,1A,tropisetron,metabolism,clinical_annotation
CYP2C9*3,1A,flurbiprofen,metabolism,clinical_annotation
CYP2C9*2,1A,piroxicam,metabolism,clinical_annotation
CYP2A6*12,1B,nicotine,metabolism,clinical_annotation
CYP2D6*2,1A,clomipramine,metabolism,clinical_annotation
CYP2C9*2,1A,tenoxicam,metabolism,clinical_annotation
CYP2D6*5,1A,hydrocodone,metabolism,clinical_annotation
CYP2C19*26,1A,clopidogrel,metabolism,clinical_annotation
CYP2C19*2,1A,omeprazole,metabolism,clinical_annotation
CYP2D6*6,1A,fluvoxamine,metabolism,clinical_annotation
CYP2D6*3,1A,amitriptyline,metabolism,clinical_annotation
CYP2D6*6,1A,tropisetron,metabolism,clinical_annotation
CYP2D6*14,1A,paroxetine,metabolism,clinical_annotation
CYP2C9*11,1A,phenytoin,metabolism,clinical_annotation
rs67376798,1A,fluorouracil,other,clinical_annotation
rs78060119,1A,fluorouracil,other,clinical_annotation
rs55886062,1A,fluorouracil,other,clinical_annotation
rs75017182,1A,fluorouracil,other,clinical_annotation
rs72549309,1A,fluorouracil,other,clinical_annotation
rs3918290,1A,fluorouracil,other,clinical_annotation
rs72549306,1A,fluorouracil,other,clinical_annotation
rs1801268,1A,fluorouracil,other,clinical_annotation
rs1801160,1A,fluorouracil,other,clinical_annotation
rs72549303,1A,fluorouracil,other,clinical_annotation
rs148994843,1A,fluorouracil,other,clinical_annotation
rs56005131,1A,fluorouracil,other,clinical_annotation
rs1801266,1A,fluorouracil,other,clinical_annotation
rs59086055,1A,fluorouracil,other,clinical_annotation
rs115232898,1A,fluorouracil,other,clinical_annotation
